{"cameraMode":{"drawMode":0,"name":"Shaded","section":"Shading Mode"},"sceneLighting":true,"audioPlay":false,"sceneViewState":{"showFog":true,"showMaterialUpdate":true,"showSkybox":true,"showFlares":true,"showImageEffects":true,"showParticleSystems":true},"in2DMode":false,"pivot":{"x":-125.9598159790039,"y":-191.41468811035157,"z":435.1253356933594},"rotation":{"x":-0.26579102873802187,"y":0.23615042865276338,"z":-0.06731966137886048,"w":-0.9322428703308106},"size":296.9988098144531,"orthographic":false}