{"cameraMode":{"drawMode":0,"name":"Shaded","section":"Shading Mode"},"sceneLighting":true,"audioPlay":false,"sceneViewState":{"showFog":true,"showMaterialUpdate":true,"showSkybox":true,"showFlares":true,"showImageEffects":true,"showParticleSystems":true},"in2DMode":false,"pivot":{"x":-9.737678527832032,"y":-66.88084411621094,"z":264.04034423828127},"rotation":{"x":-0.12737034261226655,"y":0.018442489206790925,"z":-0.0023593823425471784,"w":-0.991691529750824},"size":138.2061004638672,"orthographic":false}