{"cameraMode":{"drawMode":0,"name":"Shaded","section":"Shading Mode"},"sceneLighting":true,"audioPlay":false,"sceneViewState":{"showFog":true,"showMaterialUpdate":false,"showSkybox":true,"showFlares":true,"showImageEffects":true,"showParticleSystems":true},"in2DMode":false,"pivot":{"x":-2.9720678329467775,"y":8.132929801940918,"z":-11.387298583984375},"rotation":{"x":0.0029990454204380514,"y":0.010499670170247555,"z":-0.00003346946687088348,"w":0.9999444484710693},"size":0.5660253763198853,"orthographic":false}