{"cameraMode":{"drawMode":0,"name":"Shaded","section":"Shading Mode"},"sceneLighting":true,"audioPlay":false,"sceneViewState":{"showFog":true,"showMaterialUpdate":false,"showSkybox":true,"showFlares":true,"showImageEffects":true,"showParticleSystems":true},"in2DMode":false,"pivot":{"x":42.28754806518555,"y":-29.254798889160158,"z":-33.72483825683594},"rotation":{"x":0.13614146411418916,"y":0.8078423738479614,"z":-0.2054157853126526,"w":0.535409152507782},"size":82.0826187133789,"orthographic":false}